faupuiivjiitTof	f	k	ii	n	vj	g	it	n	T	.	f	s
pcrhcctölluä	c	e	c	e	c	e	ll	n	u	n
fcfana	f	k	c	e	f	s	a	ä	a	ä
$atiffala	$	P	t	r	f	k	f	k
ÄttnettU	Ä	A	t	n	t	n	U	u
pahcunnkscn	c	e	u	n	n	u	c	e
inaaiannnt	in	m	a	ä	a	ä	n	y	i	r	a	ä
BrinrajaSfq	r	k	S	s	f	t	q	a	j	l
<^iistaina	<^	t
wiini>i	>i	n
taman	a	ä	a	ä
Helsinain	a	g
vaivaiBt	B	s
waiwaisboitohaNitusseeil	b	h	N	ll	s	k	il	n
tulcwan	c	e
waiwaishuoncklla	c	e	k	e
tckisiwät	c	e
wapautcttawaksi	c	e
jälcl	c	e
ci	c	e
tctilka	ct	a	l	k
kotiintunett	e	t
minfä	f	k
fiihm	f	s	m	en
ufeoita	f	s
prosentiia	i	t
Ia	I	j
joika	i	t
wastapiiiitii	ii	ä	ii	ä	ii	ä
ij:äin	ij	§
saapilwille	il	u
innuta	in	m	n	u
korivata	iv	w
ivaiwais-aftua	iv	w	ft	p
pklättiin	k	e
waiwaiLtalon	L	s
pailow	l	k	w	in
tarlastllja	l	k	ll	a
tenlodin	l	k
leutettu	l	k
loulukuun	l	j
waiwaishoitolalnen	l	i
los	l	j
läsitellesiäan	l	k	i	s	a	ä
hoitolaislen	l	t
netluja	l	t
tarlastlljll	l	k	ll	a	ll	a
waishoilojörjestelmää	l	t
halij	l	k
mulaisiin	l	k
sitlen	l	t
warustetluna	l	t
selä	l	k
loulukuun	l	j
waiwaislaloja	l	t
lanne-afia	l	k	f	s
seuraulsista	l	k
helilikirjoiluksessa	li	n	l	k	l	t
oilvallinen	lv	w
silveellisiin	lv	w
maanlviljelyslainarahain	lv	w
mähimmän	m	w
mäestön	m	w
kormausta	m	w
Miipurin	M	W
maimaishoitonsa	m	w	m	w
simeelliseen	m	w
taman	m	w
päimää	m	w
muodeksi	m	w
mirsi	m	w
muonna	m	w
p:mältä	m	w
oliwm	m	at
knnnalla	n	u
nntta	n	u	n	u
Nbc	N	A	c	e
Tnruu	n	u	u	n
tnlcc	n	u	c	e	c	e
wniwaikhuidu	n	a	k	s	u	o	u	o
nmolra	nm	wu	l	r
rokastaa	o	a
kunnar	r	n
ornat	rn	w
waiwaiShoito-	S	s
Stofemäen	St	K	f	k
hywätsyi	t	k
tuutakolous	t	k	u	n	l	k
taupanhoi	t	k
Natlolanjoen	t	s	l	t
tuliuassa	t	k	li	n	u	n
vaivaishoidontartestkia	t	k	e	a	k	a	i	j
tartotan	t	k
ruotittawiksensa	t	k
waiwaistartanoa	t	k
taatumatautinen	t	k
waiwaisett	tt	n
tvellomuksia	tv	w	l	k
päitvän	tv	w
esteeu	u	n
saamaau	u	n
hentilu'un	t	k
jauoowat	u	n
rakeutamisecu	u	n	c	e	u	n
Viedon	V	L
kvin	v	u
köy	ö	ä
netyiötä	ö	s
zoimiStuSkuneain	z	t	S	s	S	s	e	t
ncttomuutcnfa	c	e	c	e	f	s
ihccäu-	c	t	c	e	u	n
dywäötci	d	h	ö	s	ci	ä
linleri-lunnan	l	k	l	k	l	k
kolllulilloneeseen	ll	u	li	h	ll	u
miettclysta	m	w	c	e	a	ä
maimaistenhuoneeösa	m	w	m	w	ö	s
Naimaishoitokuuta	N	w	m	w	u	n
sanankuuliolhensa	o	a	l	i	h	t
Ralipunkeissa	R	K	li	u	s	t
warsttuiftlta	t	i	f	s	t	e
palkowttjotsta	t	i	t	l	t	i
tiikkohenat	t	k	i	r	n	rr
ra^aöto	^	h	ö	s
paastetty	a	ä	a	ä
paassyt	a	ä	a	ä
taytMän	a	ä	M	täw
walilla	a	ä	a	ä
elawatä	a	ä	a	ä
Pyhajarween	a	ä	a	ä
pältin	ä	a	t	k
cntin	c	o	t	k
cnnastään	c	e	a	e
siaiscllcnsa	c	e	c	e
jälkecu	c	e	u	n
cifä	c	e	f	k
elätcttämäksi	c	e	m	w
waiwaistcllkassa	c	e	ll	n
valitcttamasti	c	e	m	w
cmakirkolla	c	e	a	ä
cmvonsa	c	a	mv	rw
köydiä'n'ä	d	h	n'	sä
fofoontuuVSto	f	k	f	k
afnjamia	f	s	n	u
foutta	f	k	o	a
inäärätvn	in	m	v	y
inaincilla	in	m	c	e
holdettamaksi	l	i	m	w
vlifi	l	i	f	s
laupunqissamme	l	k	q	g
lEsuksen	l	J	E	e
LoS	L	J	S	s
lekaifia^	l	s	f	s
lnctsästä	ln	m	c	e
päilvmäin	lv	w	m	itt
kmeltäwällä	m	iit	l	t
masma	m	w	m	ta
Miden	M	Y	i	h
lumetaau	m	w	u	n
palkimiss	m	ui	s	i
menestyma	m	w	a	ä
ruotimailvaisten	m	w	lv	w
hämintymät	m	iri	m	w
symiii	n	nt	ii	ä
harnabsa	n	w	b	s-
knullcssammc	n	u	c	e
lnnltakseni	n	u	n	u
palwelnkscen	n	u	c	e
Nyölväritten	N	R	lv	w
warn:cmmin	n:	m	c	e
sidötaän	ö	o	ä	a
koöla	ö	s	l	k
Pksl	P	Y	l	i
Ralipunkeissa	R	K	li	u
roat	ro	w	t	l-
waiwaSttn	S	s	tt	e
tuil	t	k	l	n
ratt^atoin	tt	u	^	h
eitvat	tv	w	a	ä
otvckt	tv	w	ck	a
uäyttäa	u	n	a	ä
svtsyna	v	y	t	k
tvötansä	v	y	a	ä
ruiö-tyunyri	ö	s	u	n
iä:sta	:	i
h^ta	^	:
jokapaiwäistä	a	ä
wiela	a	ä
wiela	a	ä
wieressa	a	ä
meidan	a	ä
tytta'	a	ä
jälestäpain	a	ä
wiela	a	ä
tekijalle	a	ä
mista	a	ä
kuubsa	b	s
Hopcessa	c	e
sioitcllut	c	e
waiwasca	c	t
lawasca	c	t
waiwaicten	c	s
woinuc	c	t
Wideliäisiä	d	h
Een	E	S
fe	f	s
fitte	f	s
waiwaifia	f	s
saifiwat	f	s
wilftittömästä	ft	p
hyt	h	n
wuoita	i	t
inenneen	in	m
miiua	iu	n
oleivan	iv	w
pikalsembi	l	i
Ionga	l	j
laakopilla	l	J
helwelin	l	t
sylyttyä	l	t
wilme	l	i
purimel	l	t
monelilaisten	li	n
prosellttia	ll	n
Niinklln	ll	u
llrakan	ll	U
almnat	lm	kku
illnan	ln	m
lvai	lv	w
eilvät	lv	w
päimänä	m	w
saatama	m	w
muutettamaksi	m	w
yksm	m	in
muoden	m	w
amuksi	m	w
rimaisuudensa	m	nt
kuimia	m	w
Tmwana	m	ur
simiästi	m	w
tamkallaisia	m	in
maamuwa	m	nt
muoden	m	w
mala	m	w
toimonensa	m	w
marattomain	m	w
amioliittoon	m	w
kaski-miljelys	m	w
sattni	n	u
lnwanneen	n	u
tarwnsewaiset	n	it
anvottuita	nv	iw
Noky-aikoina	o	y
oinaksi	o	a
syyöta	ö	s
öle	ö	o
walwaiöten-kassasta	ö	s
kerju-köppiä	ö	e
puplesta:	p	o
vaikerlella	r	l
Närnät	rn	m
liksisempiä	s	e
Naittajaiststa	t	i
ruoti-waiwaststa	t	i
tutkittawakst	t	i
tutemasta	t	l
tvarsin	tv	w
Greitvikuntaan	tv	w
äsköttäiu	u	n
WaUan	U	ll
tultuaau	u	n
heukirahaa	u	n
waau	u	n
tänäpäiwäuä	u	n
köuhiä	u	y
TullimyUyt	U	ll
asetukseu	u	n
säättiiu	u	n
huomauawa	u	tt
kvin	v	u
löytvy	v	y
Vatarilaiset	V	T
väiw	v	p
yuuessa	y	v
kancrlvista	c	e	lv	w
:lätctty	:	e	c	e
pois<	<	-
asken	a	ä
nahtiiw	a	ä	w	n
mista	a	ä
såna	å	a
bitomen	b	S	it	u
rabaa	b	h
wapaucta	c	t
muistcttaman	c	e
tulcvata	c	e
kolkuttamaca	c	s
wapaehtoiscssa	c	e
waiwaicten	c	s
scnki	c	e
csiwallcni	c	e	c	o
celll'	c	s	e	i	l'	ä			f	k
jälkecu	c	e	u	n
waiwaisillc	c	e
csilnichcltä	c	e	ln	m	c	e	c	e
fteja	f	s	t	i	e	o
fäydessä	f	t
toifen	f	s
Ahlqvisfin	f	t
oleivan	iv	w
laakopilla	l	J
soatlaa	l	t
lärkiän	l	J
almnat	l	k	m	ku
lyhjä	l	t
kauplmgilnm^	l	u	m	n	ln	m	^	e
Aposl	l	t
larmalla	l	k	r	n	m	n
lvaiwasi	lv	w
lvasta	lv	w
tapahtms	m	ui
masten	m	w
somittu	m	w
joutomäcstä	m	w	c	e
Lnkia	n	u
Snkkahansa	n	u
elatnksensa	n	u
määrätnt	n	y
inträstiöta	ö	s
Majeötetinsä	ö	s
rooirooisifs	ro	w	o	a	ro	w	o	a	f	k	s	si
luettarvat	rv	w
wapautttaan	t	e
toyhildö	t	k	o	ö	ö	ä
taitvahan	tv	w
tvielä	tv	w
uäyttäa	u	n	a	ä
konttuorista	u	o
kaupuugin	u	n
kvin	v	u
waiwais'	'	-
p^ppirn	^	r	e
woimassa	h	a	e
minlä	l	k
määräylset	l	k
malsamaan	l	k
lirtollisten	l	k	t	k
Helslligius	l	i	li	n
lyöstiit	l	m	t	k	it	n
lunuille	l	k	u	n
llimattomasti	li	u	m	w
waiwaisamun	m	w
muoden	m	w
saawama	m	ns
smtähden	m	en
tnllccn	n	u	c	e	c	e
SRuut	SR	M
elinkorto-laitotseen	t	k	t	k
titten	t	s
töyhähuoncessa	t	l
tuwernöörillä	t	k
autaiuaau	u	n	iu	m	u	n
kvin	v	u
Zicllä	Z	s	c	e
heikkouö	ö	s
miuua	u	n
etta	a	ä
HERran	ER	er
waiwasca	c	s
termennä	m	w
kirjotukslssa	l	i
köuhältä	u	y
stemplaNillc	Ni	tu	c	e
Rnijan	n	u
holhottamana	m	w
wclwolliset	c	e
ilse	l	t
palmelioistahan	m	w
zäi	z	j
siirtywäta	a	ä
nwtiwaiwainen	nw	ruo
niotuwaiwainen	ni	ru
waiwaishosla	h	t	l	t
waiwais^jywiä	^	-
waiwaishoioolle	o	d
waiwaisheidolle	e	o
waiwaishoito-kokoulscn	l	k	c	e
'waiwaisten	'
Ruoti:waiwais	:	-
kaslvaivaisuudessaan	a	ä	l	i
lvaiwalliscöti	lv	w	c	e	ö	s
nwtiwaiwainen	nw	ruo
ruoluvaivaisleski	l	t
ruotivaivainen
ruotlwaiwaiftta	l	i	f	s	t	e	t	n
ruotuwaiwaiselfi	l	k	f	s
vaivais-hoiiokunnaa	i	t	a	n
vaivais-lioillolle	li	h	ll	d
vaivaishoitokunnjiUanin	ji	a	U	lt	ni	mm	n	e
vaiwaisl'oidon	l'	h
waiwais'kassalla	'	-	'	-
waiwais-l'oidon	l'	h
waiwaisGtOz	G	ase	O	u	z	s
waiwaiseks'	'	i
waiwaisheidolle	e	o
waiwaishoioolle	o	d
waiwaishoito-kokoulscn	l	k	c	e
waiwaisholl^	^	i
waiwaishosla	h	t	l	t
waiwaishucmccsta	c	o	m	n	c	e	c	e
waiwaishuuueesen	u	o	u	n
waiwaishöitömme	ö	o	ö	o
waiwaisill'	'	e
waiwaisille^	^
waiwaisista^	^	a
waiwaisnlls	n	u	ll	u
waiwaistcllkassa	c	e	ll	n
waiwaistcn>lassasta	c	e	<	-	l	k
waiwaisten<rah^oin	<	-	^	-
waiwaistenhuoncess	c	e	ss	ssa
waiwaisteu-r.
waiwaistrn-huonee	r	e	ee	een
waiwaiohuoneessa	o	s
waiwaioholho	o	s
waiwaiointa	i	t
waiwaieholl>on	e	s	l>	h
waiwai^l'oidon	^	s	l'	h
waiwaiZmajan	Z	s
waiwai5-kaösaan	5	s	ö	s
Rnotiwaiwaista	n	u
